,date,dayNum,dayOfWeek,yearFreq,seasonal,weekly,forecast,low80,low95,high80,high95
0,2015-05-06,2489,Wednesday,0.342465753424658,1.0143624729071001,1.10276257221099,658261965.4647183,658261896.9120368,658261860.6224378,658262034.0174116,658262070.3070163
1,2015-05-07,2490,Thursday,0.34520547945205504,1.0159412283896998,1.08865505706507,658149276.3634982,658149059.599293,658148944.8512864,658149493.1277716,658149607.8758748
2,2015-05-08,2491,Friday,0.34794520547945196,1.01796953584506,1.03756626060821,658036014.3354634,658035549.4924957,658035303.4196252,658036479.1787552,658036725.252069
3,2015-05-09,2492,Saturday,0.350684931506849,1.02009761365612,0.8024695768969159,657922181.4657086,657921353.4512283,657920915.1272651,657923009.4812235,657923447.806585
4,2015-05-10,2493,Sunday,0.35342465753424707,1.0219729588808,0.794803044742741,657807779.8591367,657806460.1477314,657805761.5357862,657809099.5731857,657809798.1886785
5,2015-05-11,2494,Monday,0.356164383561644,1.02324061305442,1.11179089626053,657692811.6401855,657690859.5564014,657689826.1880168,657694763.7297633,657695797.1059088
6,2015-05-12,2495,Tuesday,0.358904109589041,1.02360179221192,1.11161095399076,657577278.9526098,657574542.6523199,657573094.1470566,657580015.2642832,657581463.7847909
7,2015-05-13,2496,Wednesday,0.36164383561643804,1.02347099293465,1.1028587402143202,657461183.9592139,657457501.2098352,657455551.688423,657464866.729223,657466816.2782542
8,2015-05-14,2497,Thursday,0.36438356164383595,1.02303665422498,1.0887566603148102,657344528.8416221,657339727.6629575,657337186.0866917,657349330.0553629,657351871.678579
9,2015-05-15,2498,Friday,0.367123287671233,1.0223300365594101,1.03765393320392,657227315.8000287,657221215.0023285,657217985.4580306,657233416.654356,657236646.2744812
10,2015-05-16,2499,Saturday,0.36986301369863006,1.0212909750244499,0.802299601986703,657109547.0529339,657101956.6975242,657097938.6415709,657117137.4960288,657121155.6693786
11,2015-05-17,2500,Sunday,0.37260273972602703,1.0199500177188598,0.7945260516856691,656991224.83694,656981946.6362281,656977035.106494,657000503.16869,657005414.8738678
12,2015-05-18,2501,Monday,0.375342465753425,1.01847417810406,1.1119065222154099,656872351.4064585,656861179.0758485,656855264.878194,656883523.9271021,656889438.3791872
13,2015-05-19,2502,Tuesday,0.37808219178082203,1.01646987044401,1.11170390078751,656752929.0335002,656739648.6041135,656732618.4781682,656766209.7314414,656773240.2169702
14,2015-05-20,2503,Wednesday,0.38082191780821895,1.0136670364735,1.1029549166041202,656632960.0074074,656617350.1065407,656609086.8743863,656648570.2793775,656656834.0084133
15,2015-05-21,2504,Thursday,0.38356164383561603,1.01041598767528,1.08885827304709,656512446.6346246,656494278.7391605,656484661.4397738,656530615.0328716,656540233.0054653
16,2015-05-22,2505,Friday,0.386301369863014,1.00706363080737,1.0377416132078199,656391391.2384441,656370429.9054258,656359333.9169676,656412353.2408696,656423450.1256391
17,2015-05-23,2506,Saturday,0.38904109589041097,1.00395252759746,0.802129663079687,656269796.1587648,656245799.2363849,656233096.3882204,656293793.9586418,656306497.981743
18,2015-05-24,2507,Sunday,0.391780821917808,1.00142113033773,0.79424915516214,656147663.7518495,656120382.5735457,656105941.2492784,656174946.0644851,656189388.9075981
19,2015-05-25,2508,Monday,0.394520547945205,0.9997385824217451,1.11202216019536,656024996.390068,655994175.9539486,655977861.1867424,656055818.2742163,656072134.980284
20,2015-05-26,2509,Tuesday,0.39726027397260294,0.998478971725736,1.11179685535596,655901796.4616703,655867175.5970181,655848849.1580709,655936419.1538376,655954748.0397611
21,2015-05-27,2510,Wednesday,0.4,0.9974552991788851,1.1030511013811102,655778066.3705424,655739377.8929528,655718898.3740022,655816757.13074,655837239.7060304
22,2015-05-28,2511,Thursday,0.40273972602739705,0.996615425328686,1.08895989526281,655653808.5359354,655610779.3923936,655588002.2828642,655696840.5035701,655719621.3944726
23,2015-05-29,2512,Friday,0.40547945205479496,0.9963379505197071,1.0378293006205301,655529025.3922594,655481376.7971514,655456154.556565,655576677.4510599,655601904.3294172
24,2015-05-30,2513,Saturday,0.408219178082192,0.996569187948838,0.801959760168242,655403719.3888148,655351166.9519057,655323349.0780357,655456276.039885,655484099.5563848
25,2015-05-31,2514,Sunday,0.410958904109589,0.99660914640987,0.7939723551385109,655277892.9895588,655220146.8366408,655189579.9298177,655335644.2317793,655366217.9530183
26,2015-06-01,2515,Monday,0.413698630136986,0.996630822145835,1.11213781020163,655151548.6728574,655088313.5598615,655054841.3838003,655214789.8898872,655248270.2390399
27,2015-06-02,2516,Tuesday,0.41643835616438396,0.9971329743752191,1.11188981769676,655024688.9312611,654955664.3523338,654919127.8918235,655093720.7845621,655130266.9852073
28,2015-06-03,2517,Wednesday,0.41917808219178104,0.9979043212216658,1.1031472945460499,654897316.2712228,654822196.5613852,654782434.0771234,654972444.5986273,655012218.6215187
29,2015-06-04,2518,Thursday,0.42191780821917796,0.99873330259215,1.0890615269628399,654769433.2129124,654687907.6456981,654644754.7264464,654850968.9321669,654894135.4446641
30,2015-06-05,2519,Friday,0.424657534246575,0.9994077334398141,1.03791699544267,654641042.2899204,654552795.1704948,654506084.7828796,654729301.3068732,654776027.6248642
31,2015-06-06,2520,Saturday,0.42739726027397296,0.99971490692385,0.8017898932447429,654512146.0490605,654416856.8030359,654366419.3391374,654607449.1700975,654657905.2121737
32,2015-06-07,2521,Sunday,0.43013698630137,0.999466807737437,0.793695651581152,654382747.0501025,654280090.3085752,654225753.6314255,654485419.8984971,654539778.1422143
33,2015-06-08,2522,Monday,0.432876712328767,0.9987951933307041,1.11225347223547,654252847.8655322,654142493.5464646,654084083.0337338,654363220.8014555,654421656.2415305
34,2015-06-09,2523,Tuesday,0.43561643835616404,0.9979323196624019,1.11198278781057,654122451.0803394,654004064.4666103,653941403.0524981,654240859.124192,654303549.2325315
35,2015-06-10,2524,Wednesday,0.438356164383562,0.997089256996154,1.1032434960996398,653991559.2917455,653864801.1061621,653797709.3216664,654118342.0506594,654185466.7380246
36,2015-06-11,2525,Thursday,0.441095890410959,0.996060431742841,1.08916316814807,653860175.1089817,653724701.5863528,653652997.598073,653995676.7062311,654067418.2854974
37,2015-06-12,2526,Friday,0.44383561643835606,0.994742680359275,1.03800469767488,653728301.1530513,653583764.1096172,653507263.7571098,653872870.1601925,653949413.311027
38,2015-06-13,2527,Saturday,0.446575342465753,0.9934989792373259,0.801620062301567,653595940.056497,653441986.9568167,653360503.7886697,653749929.4280304,653831461.1629871
39,2015-06-14,2528,Sunday,0.449315068493151,0.9924224721168791,0.7934190444564441,653463094.4631301,653299368.4846748,653212713.7933213,653626861.473614,653713571.1054789
40,2015-06-15,2529,Monday,0.452054794520548,0.991346088662065,1.1123691462981298,653329767.0278518,653155907.1233116,653063889.9787375,653503673.2111816,653595752.3215164
41,2015-06-16,2530,Tuesday,0.454794520547945,0.990241216332948,1.11207576569802,653195960.4163638,653011601.3739741,652914028.6562996,653380371.5072193,653478013.9160628
42,2015-06-17,2531,Wednesday,0.45753424657534203,0.98907937192511,1.10333970604263,653061677.3049579,652866449.8068144,652763126.2379102,653256963.1822278,653360364.9188406
43,2015-06-18,2532,Thursday,0.46027397260274,0.987832213878455,1.0892648188193799,652926920.3802794,652720451.0588616,652611179.2329571,653133455.0123217,653242814.2869701
44,2015-06-19,2533,Friday,0.46301369863013697,0.986471562734016,1.03809240731778,652791692.3390937,652573603.8320215,652458184.2454717,653009853.7308172,653125370.9074694
45,2015-06-20,2534,Saturday,0.465753424657534,0.9850563940164709,0.8014502673310941,652655995.8880466,652425906.8912294,652304137.9713807,652886166.0296255,653008043.5996038
46,2015-06-21,2535,Sunday,0.468493150684932,0.9839840195255269,0.7931425337307779,652519833.7434255,652277359.0626644,652149037.1959516,652762398.5606498,652890841.1170713
47,2015-06-22,2536,Monday,0.471232876712329,0.9828681403261,1.1124848323908703,652383208.6309557,652127959.2320665,651992878.7913381,652638557.9370108,652773772.1501002
48,2015-06-23,2537,Tuesday,0.473972602739726,0.9811855142718721,1.11216875135977,652246123.2855281,651977706.3430924,651835659.714212,652514650.7342837,652656845.3274292
49,2015-06-24,2538,Wednesday,0.476712328767123,0.9786194401754008,1.1034359243757499,652108580.4509971,651826599.395785,651677377.0035682,652390683.4915947,652540069.2181586
50,2015-06-25,2539,Thursday,0.47945205479452097,0.975606261254157,1.08936647897766,651970582.879944,651674637.4450885,651518027.7785821,652266662.7126971,652423452.333491
51,2015-06-26,2540,Friday,0.48219178082191794,0.97275003193877,1.038180124372,651832133.3334302,651521819.5994244,651357609.236567,652142594.8669634,652307003.128443
52,2015-06-27,2541,Saturday,0.484931506849315,0.9698531699041,0.8012805083257041,651693234.5808026,651368145.0193207,651196118.6510456,652018486.3903496,652190730.0033753
53,2015-06-28,2542,Sunday,0.487671232876712,0.966486381503157,0.792866119370561,651553889.3994242,651213612.916136,651033553.3698552,651894343.6862544,652074641.3055432
54,2015-06-29,2543,Monday,0.49041095890410996,0.962898801673361,1.1126005305149198,651414100.574482,651058222.5507553,650869910.8133932,651770173.1263907,651958745.3304875
55,2015-06-30,2544,Tuesday,0.49315068493150704,0.9593362522287691,1.11226174479647,651273870.898742,650901973.2324108,650705188.4728807,651645981.0515563,651843050.3234031
56,2015-07-01,2545,Wednesday,0.495890410958904,0.9560409916220641,1.10353215109973,651133203.1723115,650744864.3175092,650539383.9087324,651521773.772417,651727564.4804244
57,2015-07-02,2546,Thursday,0.49863013698630104,0.953252083239379,1.08946814862381,650992100.2024429,650586895.2084979,650372494.7489331,651397557.5701956,651612295.9498556
58,2015-07-03,2547,Friday,0.501369863013699,0.9510767039051421,1.03826784883816,650850564.8032964,650428065.3527882,650204518.6875659,651273338.6973503,651497252.8333296
59,2015-07-04,2548,Saturday,0.5041095890410959,0.948963990975904,0.8011107852777791,650708599.7956948,650268374.2417015,650035453.4832957,651149123.3782375,651382443.1869285
60,2015-07-05,2549,Sunday,0.506849315068493,0.946996548815386,0.792589801342207,650566208.0069387,650107821.4094667,649865296.9579881,651024917.8096741,651267875.0222431
61,2015-07-06,2550,Monday,0.50958904109589,0.9453839924836609,1.11271624067155,650423392.2705455,649946406.4322243,649694046.9953014,650900728.1615636,651153556.3073838
62,2015-07-07,2551,Tuesday,0.512328767123288,0.944610891149312,1.11235474600877,650280155.4260666,649784128.9270847,649521701.5394285,650776560.5774047,651039494.9679531
63,2015-07-08,2552,Wednesday,0.515068493150685,0.9444583581805059,1.1036283862153,650136500.3188338,649620988.5512197,649348258.5937567,650652421.1748114,650925698.8879629
64,2015-07-09,2553,Thursday,0.5178082191780821,0.944081537500879,1.08956982775869,649992429.7997557,649456985.0009376,649173716.2196857,650528316.0460303,650812175.9107308
65,2015-07-10,2554,Friday,0.5205479452054791,0.9436111688742779,1.03835558071689,649847946.7250931,649292118.0108596,648998072.5354099,650404251.2583742,650698933.8397106
66,2015-07-11,2555,Saturday,0.523287671232877,0.9435925521187809,0.800941098179703,649703053.9562413,649126387.3530493,648821325.7147592,650280232.85469,650585980.4393073
67,2015-07-12,2556,Sunday,0.526027397260274,0.9438041035581809,0.7923135796121441,649557754.3595235,648959792.836209,648643473.9861135,650156266.8537714,650473323.4356469
68,2015-07-13,2557,Monday,0.528767123287671,0.944024369369876,1.11283196286201,649412050.8059585,648792334.3048795,648464515.6312705,650032359.2507468,650360970.5173278
69,2015-07-14,2558,Tuesday,0.531506849315069,0.944031745255415,1.11244775499732,649265946.1710495,648624011.6386726,648284448.9844344,649908516.017476,650248929.3361263
70,2015-07-15,2559,Wednesday,0.534246575342466,0.943604716092111,1.10372462972319,649119443.3345823,648454824.7515146,648103272.4311754,649784743.1029016,650137207.5076876
71,2015-07-16,2560,Thursday,0.536986301369863,0.9426928479396159,1.0896715163832,648972545.1803879,648284773.5909262,647920984.4074525,649661046.433386,650025812.6121447
72,2015-07-17,2561,Friday,0.5397260273972599,0.941485854258389,1.03844332000882,648825254.5961584,648113858.1372963,647737583.3986127,649537431.9130664,649914752.1948012
73,2015-07-18,2562,Saturday,0.542465753424658,0.94012259904247,0.8007714470238599,648677574.4732075,647942078.4031895,647553067.9385223,649413905.4241315,649804033.7666909
74,2015-07-19,2563,Sunday,0.545205479452055,0.9387412913346469,0.792037454146813,648529507.706276,647769434.4326608,647367436.6085725,649290472.8271337,649693664.805162
75,2015-07-20,2564,Monday,0.547945205479452,0.937479357197906,1.11294769708754,648381057.1933222,647595926.3006161,647180688.0368617,649167139.9612578,649583652.7544682
76,2015-07-21,2565,Tuesday,0.550684931506849,0.9363823368189479,1.11254077176277,648232225.8353072,647421554.1121279,646992820.8972924,649043912.6446126,649474005.0262423
77,2015-07-22,2566,Wednesday,0.5534246575342471,0.9351655762325649,1.10382088162413,648083016.5359758,647246318.0018582,646803833.9087614,648920796.6744522,649364729.0000799
78,2015-07-23,2567,Thursday,0.556164383561644,0.933978300287103,1.08977321449822,647933432.2016898,647070218.1333816,646613725.8342841,648797797.8274472,649255832.0239761
79,2015-07-24,2568,Friday,0.558904109589041,0.932976821641837,1.0385310667145602,647783475.7411696,646893254.6986157,646422495.4802698,648674921.8598864,649147321.4148388
80,2015-07-25,2569,Saturday,0.561643835616438,0.9320242111181299,0.8006018318026391,647633150.0653249,646715427.9172239,646230141.6956716,648552174.507922,649039204.4589227
81,2015-07-26,2570,Sunday,0.5643835616438361,0.9311062852547429,0.791761424912665,647482458.0870444,646536738.0360417,646036663.3712847,648429561.4877632,648931488.4122949
82,2015-07-27,2571,Monday,0.5671232876712329,0.9302936899248759,1.1130634433493998,647331402.7209759,646357185.3284925,645842059.4389472,648307088.4958724,648824180.5012327
83,2015-07-28,2572,Tuesday,0.56986301369863,0.9296039527901079,1.11263379630578,647179986.8833476,646176770.0940655,645646328.8708563,648184761.209163,648717287.9226639
84,2015-07-29,2573,Wednesday,0.5726027397260269,0.9289722156437079,1.10391714191886,647028213.4917495,645995492.657733,645449470.6788452,648062585.2851514,648610817.844533
85,2015-07-30,2574,Thursday,0.5753424657534251,0.928333819387673,1.08987492210464,646876085.4649575,645813353.3694587,645251483.9136765,647940566.3621814,648504777.4062054
86,2015-07-31,2575,Friday,0.5780821917808221,0.927624286158178,1.03861882083476,646723605.7226943,645630352.603645,645052367.6643885,647818710.0595169,648399173.7188326
87,2015-08-01,2576,Saturday,0.580821917808219,0.9268202606241229,0.8004322525084259,646570777.1854773,645446490.75863,644852121.0576015,647697021.9775617,648294013.865689
88,2015-08-02,2577,Sunday,0.5835616438356159,0.9260492791560401,0.7914854918761609,646417602.7743883,645261768.2562107,644650743.2568979,647575507.6979398,648189304.9025301
89,2015-08-03,2578,Monday,0.5863013698630141,0.9252928395166609,1.1131792016488402,646264085.4108949,645076185.5411023,644448233.4621763,647454172.7837062,648085053.8579273
90,2015-08-04,2579,Tuesday,0.589041095890411,0.9244180637078071,1.11272682862698,646110228.0166507,644889743.0804913,644244590.9090159,647333022.7794006,647981267.7335827
91,2015-08-05,2580,Wednesday,0.591780821917808,0.9232293552948392,1.10401341060811,645956033.5133021,644702441.3635577,644039814.8680874,647212063.2112514,647877953.5046284
92,2015-08-06,2581,Thursday,0.5945205479452049,0.9222101620364951,1.0899766392033399,645801504.8222961,644514280.9009854,643833904.6445367,647091299.5872256,647775118.1199496
93,2015-08-07,2582,Friday,0.5972602739726031,0.921202653830772,1.0387065823700299,645646644.8647012,644325262.2245427,643626859.57742,646970737.3971782,647672768.5024474
94,2015-08-08,2583,Saturday,0.6,0.9198966026417209,0.800262709133614,645491456.5609882,644135385.8865879,643418679.0391159,646850382.1129692,647570911.5493305
95,2015-08-09,2584,Sunday,0.602739726027397,0.9186067717260891,0.7912096550037779,645335942.8308767,643944652.4596581,643209362.4347514,646730239.1885344,647469554.1324046
96,2015-08-10,2585,Monday,0.6054794520547939,0.917646260243019,1.1132949719871101,645180106.5931187,643753062.5360386,642998909.2016784,646610314.0599955,647368703.0982934
97,2015-08-11,2586,Tuesday,0.6082191780821921,0.9173270916482259,1.11281986872703,645023950.7653402,643560616.7272965,642787318.808923,646490612.1457497,647268365.2687364
98,2015-08-12,2587,Wednesday,0.610958904109589,0.917759497497967,1.1041096876926,644867478.263817,643367315.6639026,642574590.7566357,646371138.8465654,647168547.4407953
99,2015-08-13,2588,Thursday,0.6136986301369859,0.918428102667695,1.09007836579522,644710692.0033355,643173159.9948026,642360724.5755868,646251899.5456539,647069256.3871282
100,2015-08-14,2589,Friday,0.616438356164384,0.9195082609532991,1.038794351321,644553594.8969821,642978150.3869989,642145719.826647,646132899.6087482,646970498.8562042
101,2015-08-15,2590,Saturday,0.619178082191781,0.9212603686425049,0.800093201670592,644396189.855955,642782287.5251589,641929576.1002967,646014144.3841851,646872281.5725108
102,2015-08-16,2591,Sunday,0.621917808219178,0.923668738844633,0.7909339142620009,644238479.7894129,642585572.1112213,641712293.0161068,645895639.2029579,646774611.2368144
103,2015-08-17,2592,Monday,0.6246575342465749,0.926360196040759,1.1134107543654599,644080467.6042719,642388004.8640176,641493870.2222785,645777389.3787954,646677494.5263228
104,2015-08-18,2593,Tuesday,0.627397260273973,0.9298039889981701,1.11291291660659,643922156.2050292,642189586.5188637,641274307.3951602,645659400.2082238,646580938.0949272
105,2015-08-19,2594,Wednesday,0.6301369863013699,0.9340469800359741,1.10420597317309,643763548.493607,641990317.8272107,641053604.2387662,645541676.9706194,646484948.5733795
106,2015-08-20,2595,Thursday,0.6328767123287671,0.938051032147388,1.09018010188115,643604647.3691385,641790199.5562507,640831760.4843177,645424224.9282624,646389532.5695078
107,2015-08-21,2596,Friday,0.635616438356164,0.9424594274902159,1.0388821276883,643445455.7278316,641589232.4885751,640608775.8898088,645307049.3264095,646294696.6683693
108,2015-08-22,2597,Saturday,0.638356164383562,0.947632735438705,0.799923730111755,643285976.4627813,641387417.4217939,640384650.2395391,645190155.3933048,646200447.4324741
109,2015-08-23,2598,Sunday,0.6410958904109589,0.952073225746923,0.7906582696173281,643126212.4637941,641184755.1681845,640159383.3436801,645073548.3402612,646106791.4019243
110,2015-08-24,2599,Monday,0.643835616438356,0.9555738944947809,1.11352654878515,642966166.6172041,640981246.554359,639932975.0378608,644957233.3616859,646013735.0946237
111,2015-08-25,2600,Tuesday,0.646575342465753,0.95893637158773,1.1130059722663,642805841.8057455,640776892.4208966,639705425.1827143,644841215.6351353,645921285.0064206
112,2015-08-26,2601,Wednesday,0.649315068493151,0.9621537328645671,1.10430226705028,642645240.9083412,640571693.6220212,639476733.6634766,644725500.3213328,645829447.6112683
113,2015-08-27,2602,Thursday,0.6520547945205479,0.965219046283718,1.0902818474620202,642484366.7999516,640365651.0252454,639246900.3895738,644610092.564226,645738229.361411
114,2015-08-28,2603,Friday,0.654794520547945,0.968125381493655,1.0389699114725501,642323222.3514155,640158765.5110674,639015925.2942243,644494997.4910134,645647636.6875198
115,2015-08-29,2604,Saturday,0.6575342465753421,0.9706806090224258,0.7997542944494979,642161810.4292785,639951037.9726351,638783808.3340268,644380220.2121587,645557675.9988459
116,2015-08-30,2605,Sunday,0.66027397260274,0.9726023721555309,0.790382721036269,642000133.8956261,639742469.3154109,638550549.4885768,644265765.821455,645468353.6833671
117,2015-08-31,2606,Monday,0.663013698630137,0.9745873448688921,1.11364235524744,641838195.6079309,639533060.4568604,638316148.7600682,644151639.3960298,645379676.1079491
118,2015-09-01,2607,Tuesday,0.665753424657534,0.9769370522354871,1.11309903570681,641675998.4188943,639322812.3261647,638080606.1729392,644037845.9963673,645291649.6184598
119,2015-09-02,2608,Wednesday,0.668493150684932,0.978901012663093,1.1043985693249199,641513545.1762619,639111725.8638674,637843921.7734656,643924390.6663555,645204280.5399286
120,2015-09-03,2609,Thursday,0.6712328767123289,0.9811599757011411,1.09038360253873,641350838.7226957,638899802.0216155,637606095.6294143,643811278.4332826,645117575.1766647
121,2015-09-04,2610,Friday,0.673972602739726,0.9841633403316259,1.0390577026743901,641187881.8956115,638687041.7618334,637367127.8296677,643698514.3078718,645031539.8124127
122,2015-09-05,2611,Saturday,0.676712328767123,0.9876369161483369,0.799584894676216,641024677.5270048,638473446.0574195,637127018.4838722,643586103.2843059,644946180.7104392
123,2015-09-06,2612,Sunday,0.6794520547945211,0.99129913834034,0.790107268485345,640861228.4433097,638259015.8914901,636885767.7220776,643474050.3402393,644861504.1137042
124,2015-09-07,2613,Monday,0.682191780821918,0.99486450749015,1.11375817375356,640697537.4652567,638043752.2570411,636643375.6944056,643362360.4368068,644777516.2449551
125,2015-09-08,2614,Tuesday,0.6849315068493149,0.9980434588485471,1.11319210692877,640533607.4076982,637827656.1567096,636399842.570684,643251038.5186505,644694223.3068676
126,2015-09-09,2615,Wednesday,0.6876712328767121,1.00085136314069,1.1044948799977399,640369441.0794698,637610728.6024652,636155168.5401175,643140089.5139314,644611631.482125
127,2015-09-10,2616,Thursday,0.6904109589041101,1.0038100483475099,1.0904853671121402,640205041.2832524,637392970.615343,635909353.8109716,643029518.3343576,644529746.9335859
128,2015-09-11,2617,Friday,0.6931506849315071,1.00643317887481,1.03914550129443,640040410.8153973,637174383.2251638,635662398.6102163,642919329.8751563,644448575.8043654
129,2015-09-12,2618,Saturday,0.6958904109589039,1.0083062745537,0.799415530784309,639875552.4658066,636954967.4702809,635414303.1832172,642809529.0151305,644368124.2179374
130,2015-09-13,2619,Sunday,0.698630136986301,1.00971705047663,0.7898319119310891,639710469.0177723,636734724.3972865,635165067.7934285,642700120.6166462,644288398.2782764
131,2015-09-14,2620,Monday,0.7013698630136989,1.0109927256160698,1.1138740043047701,639545163.2478496,636513655.0607603,634914692.7220463,642591109.5256414,644209404.0699335
132,2015-09-15,2621,Tuesday,0.704109589041096,1.01195065910191,1.11328518593284,639379637.9256798,636291760.5230304,634663178.2677201,642482500.5716432,644131147.6581706
133,2015-09-16,2622,Wednesday,0.7068493150684929,1.01236220001911,1.1045911990694701,639213895.8138901,636069041.8538896,634410524.7462614,642374298.5677803,644053635.0890325
134,2015-09-17,2623,Thursday,0.7095890410958899,1.0124731380044598,1.09058714118316,639047939.6679302,635845500.1303475,634156732.4902999,642266508.3107632,643976872.3894731
135,2015-09-18,2624,Friday,0.712328767123288,1.01252984469108,1.0392333073333102,638881772.2359459,635621136.4363844,633901801.8490286,642159134.5809397,643900865.567431
136,2015-09-19,2625,Saturday,0.7150684931506851,1.01277884204677,0.7992462027661759,638715396.2586199,635395951.8627222,633645733.1878856,642052182.1422426,643825620.6119576
137,2015-09-20,2626,Sunday,0.717808219178082,1.01339915034963,0.7895566513400459,638548814.4690685,635169947.5065405,633388526.8882675,641945655.7422484,643751143.4932956
138,2015-09-21,2627,Monday,0.7205479452054789,1.01419733911787,1.1139898469023302,638382029.5926813,634943124.471269,633130183.3472542,641839560.112146,643677440.1629714
139,2015-09-22,2628,Tuesday,0.7232876712328771,1.01489779139421,1.11337827271966,638215044.3470033,634715483.86635,632870702.9773177,641733899.9667687,643604516.5539035
140,2015-09-23,2629,Wednesday,0.726027397260274,1.01547212763759,1.10468752654085,638047861.4415878,634487026.8069828,632610086.2060571,641628680.0045651,643532378.5804862
141,2015-09-24,2630,Thursday,0.7287671232876709,1.01620883617743,1.09068892475267,637880483.577893,634257754.4139124,632348333.4759028,641523904.9076461,643461032.1386625
142,2015-09-25,2631,Friday,0.7315068493150679,1.01668904044126,1.03932112079165,637712913.4491204,634027667.8131925,632085445.2438779,641419579.3417534,643390483.1060604
143,2015-09-26,2632,Saturday,0.734246575342466,1.01674337882732,0.7990769106142191,637545153.7401154,633796768.1359489,631821421.9812932,641315707.9562687,643320737.3420407
144,2015-09-27,2633,Sunday,0.7369863013698629,1.0165795306349599,0.7892814866787731,637377207.1272119,633565056.5181962,631556264.1735221,641212295.3842468,643251800.6878022
145,2015-09-28,2634,Monday,0.7397260273972601,1.01630569714424,1.11410570154749,637209076.278137,633332534.1005591,631289972.3197234,641109346.2423725,643183678.9664601
146,2015-09-29,2635,Tuesday,0.742465753424657,1.01603003373662,1.11347136728989,637040763.8518755,633099202.0281193,631022546.9325811,641006865.131001,643116377.9831547
147,2015-09-30,2636,Wednesday,0.7452054794520551,1.0158605904053102,1.1047838624126,636872272.4985483,632865061.4501454,630753988.5380555,640904856.6341392,643049903.5250919
148,2015-10-01,2637,Thursday,0.747945205479452,1.01567275654218,1.0907907178215501,636703604.8592739,632630113.5199263,630484297.6751597,640803325.3194631,642984261.3616781
149,2015-10-02,2638,Friday,0.7506849315068491,1.01517349197652,1.03940894167008,636534763.5660901,632394359.3945312,630213474.8956667,640702275.7382947,642919457.2445691
150,2015-10-03,2639,Saturday,0.753424657534247,1.01478522039863,0.79890765432084,636365751.2417891,632157800.2346126,629941520.7639177,640601712.425649,642855496.907773
151,2015-10-04,2640,Sunday,0.7561643835616441,1.01455066912278,0.789006417913836,636196570.499836,631920437.2042251,629668435.8565437,640501639.9001882,642792386.0677141
152,2015-10-05,2641,Monday,0.7589041095890409,1.0140382487759598,1.11422156824151,636027223.9442359,631682271.4705917,629394220.7622534,640402062.6642643,642730130.423332
153,2015-10-06,2642,Tuesday,0.7616438356164379,1.013856803409,1.11356446964417,635857714.1694319,631443304.2039255,629118876.0815974,640302985.2038859,642668735.6561484
154,2015-10-07,2643,Wednesday,0.7643835616438359,1.01439510207409,1.10488020668546,635688043.7601751,631203536.577227,628842402.4267317,640204411.9887431,642608207.430352
155,2015-10-08,2644,Thursday,0.767123287671233,1.01526439971074,1.09089252039068,635518215.2914307,630962969.7660981,628564800.4212111,640106347.4722277,642548551.3928796
156,2015-10-09,2645,Friday,0.7698630136986301,1.01628723654232,1.03949676996923,635348231.3282571,630721604.948552,628286070.6997343,640008796.0913744,642489773.1735035
157,2015-10-10,2646,Saturday,0.772602739726027,1.0175816468514398,0.7987384338784441,635178094.4257025,630479443.3048196,628006213.9079516,639911762.2669297,642431878.3848804
158,2015-10-11,2647,Sunday,0.775342465753425,1.0193704459995299,0.7887314450118159,635007807.1286924,630236486.0171739,627725230.7022576,639815250.4033304,642374872.6226652
159,2015-10-12,2648,Monday,0.7780821917808219,1.0210403210969201,1.1143374469856202,634837371.9719476,629992734.2697276,627443121.7495339,639719264.888695,642318761.4655681
160,2015-10-13,2649,Tuesday,0.7808219178082191,1.0226721268079,1.11365757978316,634666791.4798329,629748189.2482827,627159887.7269789,639623810.0948335,642263550.4754363
161,2015-10-14,2650,Wednesday,0.783561643835616,1.02463015073373,1.10497655936016,634496068.1663065,629502852.1401308,626875529.321905,639528890.3772639,642209245.197337
162,2015-10-15,2651,Thursday,0.786301369863014,1.0266932031987301,1.0909943324609699,634325204.5347722,629256724.1338841,626590047.2314909,639434510.0752022,642155851.1596127
163,2015-10-16,2652,Friday,0.7890410958904108,1.02863842789883,1.03958460568972,634154203.0780137,629009806.4193112,626303442.1626219,639340673.511582,642103373.8739905
164,2015-10-17,2653,Saturday,0.7917808219178081,1.03024131637459,0.798569249279438,633983066.2780843,628762100.1871548,626015714.8316739,639247384.9930286,642051818.8356278
165,2015-10-18,2654,Sunday,0.794520547945205,1.03174076916159,0.7884565679393041,633811796.6062039,628513606.6289645,625726865.9643279,639154648.8099055,642001191.5232133
166,2015-10-19,2655,Monday,0.7972602739726031,1.03358740228224,1.1144533377811001,633640396.5226566,628264326.9369458,625436896.2953461,639062469.2362739,641951497.3990148
167,2015-10-20,2656,Tuesday,0.8,1.0350148388412,1.11375069770751,633468868.4767252,628014262.3037782,625145806.5684397,638970850.5299513,641902741.9089825
168,2015-10-21,2657,Wednesday,0.802739726027397,1.0356428867124199,1.1050729204374399,633297214.906563,627763413.9224674,624853597.5360197,638879796.9324591,641854930.4828008
169,2015-10-22,2658,Thursday,0.805479452054795,1.03594014492343,1.09109615403329,633125438.2391311,627511782.9861792,624560269.959052,638789312.6690774,641808068.5339925
170,2015-10-23,2659,Friday,0.8082191780821919,1.03585833812662,1.03967244883218,632953540.8900719,627259370.6881036,624265824.6068717,638699401.9488161,641762161.4599456
171,2015-10-24,2660,Saturday,0.8109589041095892,1.03484049453374,0.7984001005162281,632781525.2636673,627006178.2212585,623970262.256975,638610068.9644572,641717214.642048
172,2015-10-25,2661,Sunday,0.813698630136986,1.03281983234765,0.788181786662903,632609393.7527156,626752206.7783738,623673583.6948866,638521317.8925227,641673233.4457169
173,2015-10-26,2662,Monday,0.816438356164384,1.03046056695671,1.1145692406291898,632437148.7384448,626497457.5517492,623375789.7139422,638433152.8933182,641630223.2204967
174,2015-10-27,2663,Tuesday,0.819178082191781,1.0284220727728,1.11384382341787,632264792.5904446,626241931.7330678,623076881.1151615,638345578.1109043,641588189.300113
175,2015-10-28,2664,Wednesday,0.821917808219178,1.02735882123482,1.10516928991802,632092327.6665767,625985630.5132838,622776858.7070321,638258597.6731485,641547137.0025724
176,2015-10-29,2665,Thursday,0.824657534246575,1.02723096727466,1.09119798510853,631919756.312893,625728555.0824633,622475723.3053856,638172215.6917043,641507071.6302263
177,2015-10-30,2666,Friday,0.8273972602739731,1.02717824154129,1.03976029939723,631747080.863542,625470706.6296631,622173475.7332134,638086436.26202,641467998.469838
178,2015-10-31,2667,Saturday,0.83013698630137,1.02748053058779,0.7982309875812259,631574303.6407065,625212086.3427564,621870116.8204947,638001263.4633607,641429922.7926769
179,2015-11-01,2668,Sunday,0.832876712328767,1.02868953732482,0.787907101149228,631401426.9545139,624952695.4083502,621565647.4040716,637916701.3588195,641392849.8545665
180,2015-11-02,2669,Monday,0.8356164383561641,1.03075054884627,1.11468515553114,631228453.1029642,624692535.0115901,621260068.3274641,637832753.9953185,641356784.8959796
181,2015-11-03,2670,Tuesday,0.8383561643835621,1.0325311299736801,1.11393695691489,631055384.3718432,624431606.3360754,620953380.4407194,637749425.4036298,641321733.1421125
182,2015-11-04,2671,Wednesday,0.8410958904109591,1.03428528625849,1.1052656678026498,630882223.0346766,624169910.5637122,620645584.6002862,637666719.598383,641287699.8029538
183,2015-11-05,2672,Thursday,0.8438356164383559,1.0367392608248498,1.0912998256875799,630708971.3526163,623907448.8745804,620336681.6688231,637584640.5780655,641254690.0733614
184,2015-11-06,2673,Friday,0.846575342465753,1.0394438498804,1.03984815738551,630535631.5744036,623644222.4468175,620026672.5150858,637503192.3250749,641222709.1331437
185,2015-11-07,2674,Saturday,0.849315068493151,1.0419457207148801,0.798061910466841,630362205.9362816,623380232.4564837,619715558.0137904,637422378.8056797,641191762.1471232
186,2015-11-08,2675,Sunday,0.852054794520548,1.04378730999827,0.7876325113649041,630188696.6619133,623115480.0774658,619403339.0454359,637342203.9700743,641161854.2652259
187,2015-11-09,2676,Monday,0.8547945205479449,1.04479307143083,1.11480108248821,630015105.9623611,622849966.4813215,619090016.4961873,637262671.7523775,641132990.6225511
188,2015-11-10,2677,Tuesday,0.8575342465753419,1.04540817087677,1.11403009819922,629841436.0359569,622583692.8371869,618775591.257741,637183786.0706369,641105176.3394481
189,2015-11-11,2678,Wednesday,0.86027397260274,1.0459055624824,1.1053620540920401,629667689.0682873,622316660.3116523,618460064.227182,637105550.8268822,641078416.5215873
190,2015-11-12,2679,Thursday,0.8630136986301371,1.04603490923307,1.09140167577133,629493867.2321088,622048870.0686606,618143436.3068591,637027969.9070873,641052716.260056
191,2015-11-13,2680,Friday,0.865753424657534,1.04548260607006,1.03993602279764,629319972.6872782,621780323.2693698,617825708.4042453,636951047.1812409,641028080.6314096
192,2015-11-14,2681,Saturday,0.8684931506849309,1.0449962679520501,0.797892869165487,629146007.5807079,621511021.0720768,617506881.4318262,636874786.5033295,641004514.6977701
193,2015-11-15,2682,Sunday,0.8712328767123291,1.0451833117698,0.78735801727657,628971974.0462965,621240964.632076,617186956.3069526,636799191.7113584,640982023.5068948
194,2015-11-16,2683,Monday,0.873972602739726,1.04559589868476,1.11491702150165,628797874.2048686,620970155.101594,616865933.9517332,636724266.6274006,640960612.092256
195,2015-11-17,2684,Tuesday,0.8767123287671229,1.04541247580599,1.1141232472715101,628623710.1641287,620698593.6296321,616543815.292912,636650015.0575682,640940285.4731058
196,2015-11-18,2685,Wednesday,0.879452054794521,1.0443104279854398,1.1054584487869499,628449484.0185953,620426281.3619274,616220601.2617474,636576440.7920805,640921048.6545858
197,2015-11-19,2686,Thursday,0.882191780821918,1.04283825028063,1.09150353536065,628275197.8495386,620153219.4407982,615896292.7938913,636503547.605244,640902906.6277785
198,2015-11-20,2687,Friday,0.8849315068493149,1.04147953226053,1.04002389563425,628100853.724951,619879409.005085,615570890.8292795,636431339.2554942,640885864.3698
199,2015-11-21,2688,Saturday,0.8876712328767121,1.0397185993424498,0.797723863669577,627926453.6994661,619604851.1900282,615244396.3120241,636359819.4854347,640869926.8438665
200,2015-11-22,2689,Sunday,0.89041095890411,1.0371566419023899,0.787083618850874,627751999.8143246,619329547.1271878,614916810.1902889,636288992.0218179,640855098.9993888
201,2015-11-23,2690,Monday,0.8931506849315071,1.03444741929953,1.11503297257272,627577494.0973363,619053497.9443532,614588133.416198,636218860.575594,640841385.7720469
202,2015-11-24,2691,Tuesday,0.895890410958904,1.03223855767299,1.1142164041324099,627402938.5627977,618776704.7654436,614258366.9457248,636149428.8419373,640828792.0838631
203,2015-11-25,2692,Wednesday,0.8986301369863009,1.03117264937356,1.10555485188809,627228335.2114791,618499168.7104311,613927511.7385815,636080700.500265,640817322.8432963
204,2015-11-26,2693,Thursday,0.901369863013699,1.03146017133158,1.0916054044564398,627053686.030549,618220890.8952383,613595568.7581154,636012679.2142534,640806982.9453169
205,2015-11-27,2694,Friday,0.904109589041096,1.03235954910532,1.04011177589597,626878992.9935662,617941872.4316651,613262538.9712256,635945368.6318758,640797777.2714808
206,2015-11-28,2695,Saturday,0.9068493150684929,1.03325604630517,0.797554893971528,626704258.060394,617662114.427312,612928423.3482634,635878772.3854281,640789710.6900296
207,2015-11-29,2696,Sunday,0.90958904109589,1.03486080836648,0.786809316054479,626529483.1771886,617381617.9854801,612593222.8629042,635812894.0915496,640782788.0559535
208,2015-11-30,2697,Monday,0.9123287671232879,1.03766923129633,1.1151489357026798,626354670.2763456,617100384.2051151,612256938.4921035,635747737.3512472,640777014.2110842
209,2015-12-01,2698,Tuesday,0.9150684931506852,1.03980014082174,1.1143095687825801,626179821.2764664,616818414.1807101,611919571.2159714,635683305.7499396,640772393.9841815
210,2015-12-02,2699,Wednesday,0.9178082191780821,1.04142344132227,1.1056512633962,626004938.0823147,616535709.0022304,611581122.0176811,635619602.8574731,640768932.1910056
211,2015-12-03,2700,Thursday,0.920547945205479,1.04363396721694,1.09170728305959,625830022.5847844,616252269.755058,611241591.8834205,635556632.2281396,640766633.6344056
212,2015-12-04,2701,Friday,0.923287671232877,1.04590704853009,1.04019966358342,625655076.6608527,615968097.5199128,610900981.8022511,635494397.4007444,640765503.1044167
213,2015-12-05,2702,Saturday,0.9260273972602739,1.04771376323397,0.797385960063756,625480102.1735624,615683193.3727573,610559292.7660651,635432901.8986006,640765545.3783175
214,2015-12-06,2703,Sunday,0.9287671232876709,1.04852196115499,0.7865351088540559,625305100.9719712,615397558.3847747,610216525.7695017,635372149.2295786,640766765.2207503
215,2015-12-07,2704,Monday,0.931506849315068,1.04812414735675,1.11526491089276,625130074.8911369,615111193.622254,609872681.8098347,635312142.8861217,640769167.3837693
216,2015-12-08,2705,Tuesday,0.9342465753424659,1.04700243236671,1.11440274122266,624955025.7520632,614824100.1465616,609527761.8869264,635252886.34531,640772756.6069636
217,2015-12-09,2706,Wednesday,0.9369863013698628,1.04557382080358,1.1057476833120101,624779955.3616985,614536279.0140558,609181767.0031567,635194383.0688577,640777537.6175072
218,2015-12-10,2707,Thursday,0.9397260273972601,1.04501654000616,1.09180917117099,624604865.5128849,614247731.2760326,608834698.1633016,635136636.5031768,640783515.1302836
219,2015-12-11,2708,Friday,0.942465753424658,1.0449990332272099,1.04028755869723,624429757.9843354,613958457.9786726,608486556.374533,635079650.0793804,640790693.8479319
220,2015-12-12,2709,Saturday,0.9452054794520551,1.04319746112715,0.797217061938682,624254634.5406146,613668460.1629777,608137342.6462773,635023427.2133594,640799078.4609734
221,2015-12-13,2710,Sunday,0.947945205479452,1.04019755349189,0.7862609972162901,624079496.9321128,613377738.8646977,607787057.990196,634967971.3057781,640808673.6478711
222,2015-12-14,2711,Monday,0.9506849315068491,1.0373215211845699,1.11538089814423,623904346.8950105,613086295.1143042,607435703.4201038,634913285.7421346,640819484.075141
223,2015-12-15,2712,Tuesday,0.953424657534247,1.0333653449259201,1.11449592145332,623729186.1512741,612794129.9369147,607083279.9519014,634859373.892793,640831514.3974193
224,2015-12-16,2713,Wednesday,0.9561643835616441,1.02714565340166,1.10584411163627,623554016.4086039,612501244.3522683,606729788.6034907,634806239.1130109,640844769.2575758
225,2015-12-17,2714,Thursday,0.9589041095890408,1.0175189315872701,1.0919110687915101,623378839.3604555,612207639.3746302,606375230.3947723,634753884.7430087,640859253.2867755
226,2015-12-18,2715,Friday,0.961643835616438,1.00129583454278,1.04037546123803,623203656.6859905,611913316.0127935,606019606.3475308,634702314.1079594,640874971.1045955
227,2015-12-19,2716,Saturday,0.9643835616438359,0.9806415467233969,0.797048199588726,623028470.0500708,611618275.2699969,605662917.4854013,634651530.5180753,640891927.3191066
228,2015-12-20,2717,Sunday,0.967123287671233,0.963008660956696,0.785986981107877,622853281.1032183,611322518.143901,605305164.833802,634601537.2686187,640910126.5269434
229,2015-12-21,2718,Monday,0.96986301369863,0.945677387890818,1.1154968974583501,622678091.4816451,611026045.6265261,604946349.4198979,634552337.6399726,640929573.313446
230,2015-12-22,2719,Tuesday,0.972602739726027,0.9251208761588959,1.1145891094751899,622502902.8071928,610728858.7042311,604586472.2725321,634503934.897641,640950272.2527045
231,2015-12-23,2720,Wednesday,0.9753424657534251,0.9087536421639499,1.1059405483697,622327716.6873479,610430958.3576483,604225534.4221748,634456332.2923295,640972227.9076724
232,2015-12-24,2721,Thursday,0.978082191780822,0.894893211225016,1.09201297592205,622152534.7152112,610132345.5616753,603863536.9009014,634409533.0599624,640995444.8302475
233,2015-12-25,2722,Friday,0.980821917808219,0.879223544944771,1.04046337120644,621977358.4694995,609833021.2854029,603500480.742307,634363540.4217486,641019927.5613929
234,2015-12-26,2723,Saturday,0.983561643835616,0.8646610597183009,0.7968793730063101,621802189.5145338,609532986.4921092,603136366.9814692,634318357.5842019,641045680.631208
235,2015-12-27,2724,Sunday,0.9863013698630141,0.853938186592528,0.785713060495525,621627029.4002198,609232242.1392108,602771196.6549387,634273987.7392186,641072708.5590231
236,2015-12-28,2725,Monday,0.9890410958904109,0.8496818856076421,1.1156129088363602,621451879.662051,608930789.178234,602404970.80065,634230434.0640826,641101015.8534999
237,2015-12-29,2726,Tuesday,0.991780821917808,0.8542137833671959,1.1146823052889299,621276741.8210899,608628628.5547731,602037690.457913,634187699.7215453,641130607.0127393
238,2015-12-30,2727,Wednesday,0.9945205479452058,0.8644268241587141,1.1060369935130299,621101617.3839797,608325761.2084804,601669356.6673672,634145787.8598503,641161486.5243443
239,2015-12-31,2728,Thursday,0.9972602739726031,0.874646112635007,1.0921148925635,620926507.8429224,608022188.0730284,601299970.4709253,634104701.6127968,641193658.865563
